﻿<Schema name="Schema9" xmlns="urn:schemas-microsoft-com:xml-data" xmlns:dt="urn:schemas-microsoft-com:datatypes">
  <ElementType name="row" content="empty" model="closed">
    <AttributeType name="EventID" dt:type="i4" />
    <AttributeType name="CustomerID" dt:type="i4" />
    <AttributeType name="OrderNo" dt:type="i4" />
    <AttributeType name="ComplianceID" dt:type="i8" />
    <AttributeType name="EventTypeID" dt:type="i4" />
    <AttributeType name="AlertType" dt:type="i4" />
    <AttributeType name="DueDate" dt:type="dateTime" />
    <AttributeType name="CreateDate" dt:type="dateTime" />
    <AttributeType name="CreatedBy" dt:type="string" />
    <AttributeType name="CompDate" dt:type="dateTime" />
    <AttributeType name="CompBy" dt:type="string" />
    <attribute type="EventID" />
    <attribute type="CustomerID" />
    <attribute type="OrderNo" />
    <attribute type="ComplianceID" />
    <attribute type="EventTypeID" />
    <attribute type="AlertType" />
    <attribute type="DueDate" />
    <attribute type="CreateDate" />
    <attribute type="CreatedBy" />
    <attribute type="CompDate" />
    <attribute type="CompBy" />
  </ElementType>
</Schema>