﻿<Schema name="Schema8" xmlns="urn:schemas-microsoft-com:xml-data" xmlns:dt="urn:schemas-microsoft-com:datatypes">
  <ElementType name="row" content="empty" model="closed">
    <AttributeType name="COMPCOUNT" dt:type="i4" />
    <AttributeType name="EventCount" dt:type="i4" />
    <AttributeType name="NReminder" dt:type="i4" />
    <AttributeType name="CustomerID" dt:type="i4" />
    <AttributeType name="LastName" dt:type="string" />
    <AttributeType name="Firstname" dt:type="string" />
    <AttributeType name="email" dt:type="string" />
    <AttributeType name="EventTypeID" dt:type="i4" />
    <AttributeType name="OrderNo" dt:type="i4" />
    <AttributeType name="DtlLineNo" dt:type="i4" />
    <AttributeType name="Deldate" dt:type="dateTime" />
    <AttributeType name="EquipTypeID" dt:type="i4" />
    <AttributeType name="EquipmentType" dt:type="string" />
    <AttributeType name="ComplianceDefID" dt:type="i8" />
    <AttributeType name="nRecurring" dt:type="i4" />
    <AttributeType name="nEquipmentTypeID" dt:type="i8" />
    <AttributeType name="PrimaryAlet" dt:type="string" />
    <AttributeType name="SecondaryAlert" dt:type="string" />
    <AttributeType name="AlertID" dt:type="i8" />
    <AttributeType name="SecAlertID" dt:type="i8" />
    <AttributeType name="sFrequency" dt:type="string" />
    <AttributeType name="nFrequency" dt:type="i4" />
    <AttributeType name="FrequencyID" dt:type="i8" />
    <AttributeType name="Description" dt:type="string" />
    <AttributeType name="OrderDate" dt:type="dateTime" />
    <AttributeType name="DeliveryDate" dt:type="dateTime" />
    <AttributeType name="CompDate" dt:type="dateTime" />
    <AttributeType name="DueDate" dt:type="dateTime" />
    <attribute type="COMPCOUNT" />
    <attribute type="EventCount" />
    <attribute type="NReminder" />
    <attribute type="CustomerID" />
    <attribute type="LastName" />
    <attribute type="Firstname" />
    <attribute type="email" />
    <attribute type="EventTypeID" />
    <attribute type="OrderNo" />
    <attribute type="DtlLineNo" />
    <attribute type="Deldate" />
    <attribute type="EquipTypeID" />
    <attribute type="EquipmentType" />
    <attribute type="ComplianceDefID" />
    <attribute type="nRecurring" />
    <attribute type="nEquipmentTypeID" />
    <attribute type="PrimaryAlet" />
    <attribute type="SecondaryAlert" />
    <attribute type="AlertID" />
    <attribute type="SecAlertID" />
    <attribute type="sFrequency" />
    <attribute type="nFrequency" />
    <attribute type="FrequencyID" />
    <attribute type="Description" />
    <attribute type="OrderDate" />
    <attribute type="DeliveryDate" />
    <attribute type="CompDate" />
    <attribute type="DueDate" />
  </ElementType>
</Schema>